"2404027"	"nathanmarz/storm"
"507775"	"elasticsearch/elasticsearch"
"1451060"	"JakeWharton/ActionBarSherlock"
"4839957"	"jfeinstein10/SlidingMenu"
"2862290"	"nostra13/Android-Universal-Image-Loader"
"2349728"	"github/android"
"2155793"	"JakeWharton/Android-ViewPagerIndicator"
"1148753"	"spring-projects/spring-framework"
"747512"	"clojure/clojure"
"1388245"	"loopj/android-async-http"
"2874001"	"chrisbanes/Android-PullToRefresh"
"659341"	"facebook/facebook-android-sdk"
"1911523"	"eclipse/vert.x"
"5373551"	"libgdx/libgdx"
"1064563"	"netty/netty"
"33945"	"sparklemotion/nokogiri"
"14046563"	"Bearded-Hen/Android-Bootstrap"
"3116751"	"excilys/androidannotations"
"106310"	"junit-team/junit"
"5689093"	"donnfelker/android-bootstrap"
"5349565"	"facebook/presto"
"656893"	"cyrilmottier/GreenDroid"
"1215253"	"Bukkit/CraftBukkit"
"537800"	"dropwizard/metrics"
"3626870"	"Prototik/HoloEverywhere"
"2828194"	"nicolasgramlich/AndEngine"
"889932"	"fernandezpablo85/scribe-java"
"10480910"	"chrisbanes/ActionBar-PullToRefresh"
"10057936"	"square/picasso"
"6834703"	"EnterpriseQualityCoding/FizzBuzzEnterpriseEdition"
"6220644"	"OpenRefine/OpenRefine"
"7508411"	"Netflix/RxJava"
"1234896"	"johannilsson/android-pulltorefresh"
"749137"	"Atmosphere/atmosphere"
"5901900"	"LMAX-Exchange/disruptor"
"4931659"	"Netflix/SimianArmy"
"5639802"	"SimonVT/android-menudrawer"
"1272129"	"dropwizard/dropwizard"
"16287"	"jeresig/processing-js"
"3548254"	"thinkaurelius/titan"
"206424"	"apache/cassandra"
"1215215"	"Bukkit/Bukkit"
"65885"	"android/platform_frameworks_base"
"5279091"	"square/dagger"
"6766558"	"Netflix/Hystrix"
"5391743"	"roboguice/roboguice"
"3523632"	"springside/springside4"
"2990192"	"WhisperSystems/TextSecure"
"5084750"	"chrisbanes/PhotoView"
"892275"	"square/retrofit"
"85673"	"yui/yuicompressor"
"4516733"	"bauerca/drag-sort-listview"
"715605"	"xetorthio/jedis"
"5808540"	"videlalvaro/gifsockets"
"302322"	"gradle/gradle"
"8217574"	"47deg/android-swipelistview"
"1326671"	"k9mail/k-9"
"214605"	"voldemort/voldemort"
"5284389"	"keyboardsurfer/Crouton"
"1147843"	"johannilsson/android-actionbar"
"15057216"	"etsy/AndroidStaggeredGrid"
"3688678"	"emilsjolander/StickyListHeaders"
"1714530"	"pakerfeldt/android-viewflow"
"4187356"	"xamarin/XobotOS"
"5872657"	"octo-online/robospice"
"4812336"	"square/otto"
"2942615"	"JakeWharton/NineOldAndroids"
"2356748"	"androidquery/androidquery"
"500437"	"purplecabbage/phonegap-plugins"
"379199"	"tinkerpop/gremlin"
"1450115"	"AsyncHttpClient/async-http-client"
"10214538"	"koush/ion"
"8912617"	"Athou/commafeed"
"5152285"	"square/okhttp"
"764708"	"wildfly/wildfly"
"5890835"	"ACRA/acra"
"442430"	"jhy/jsoup"
"184604"	"yusuke/twitter4j"
"9705586"	"astuetz/PagerSlidingTabStrip"
"684382"	"bigbluebutton/bigbluebutton"
"2022916"	"mttkay/ignition"
"4403738"	"openaphid/android-flip"
"12984746"	"gabrielemariotti/cardslib"
"1680733"	"twall/jna"
"5070389"	"greenrobot/EventBus"
"2489216"	"JetBrains/intellij-community"
"470946"	"ether/pad"
"278745"	"commonsguy/cw-advandroid"
"8877512"	"nhaarman/ListViewAnimations"
"1187853"	"douglascrockford/JSON-java"
"13949084"	"yinwang0/pysonar2"
"671825"	"Graylog2/graylog2-server"
"7807399"	"processing/processing"
"512295"	"grails/grails-core"
"3695744"	"commonsguy/cw-omnibus"
"10283400"	"ManuelPeinado/FadingActionBar"
"8575137"	"JakeWharton/butterknife"
"108050"	"mongodb/mongo-java-driver"
"363729"	"mttkay/droid-fu"
"2049379"	"Netflix/curator"
"5417266"	"amlcurran/ShowcaseView"
"2626751"	"greenrobot/greenDAO"
"961036"	"hibernate/hibernate-orm"
"5384073"	"pcpratts/rootbeer1"
"365777"	"commonsguy/cw-android"
"2622727"	"kevinsawicki/http-request"
"2562751"	"zxing/zxing"
"5537121"	"koush/AndroidAsync"
"1816548"	"thest1/LazyList"
"10410764"	"umano/AndroidSlidingUpPanel"
"7923123"	"square/android-times-square"
"4138309"	"twitter/ambrose"
"457353"	"quartzjer/TeleHash"
"681003"	"todoroo/astrid"
"2471372"	"jgilfelt/android-viewbadger"
"457931"	"jgilfelt/android-mapviewballoons"
"5193009"	"qii/weiciyuan"
"6709149"	"pardom/ActiveAndroid"
"9609018"	"reactor/reactor"
"508590"	"tinkerpop/blueprints"
"1843047"	"spring-projects/spring-mvc-showcase"
"4755480"	"tjerkw/Android-SlideExpandableListView"
"712229"	"cloudera/flume"
"3016789"	"linkedin/indextank-engine"
"1705960"	"perwendel/spark"
"326802"	"tjake/Solandra"
"6358188"	"metamx/druid"
"221862"	"rzwitserloot/lombok"
"7083240"	"orientechnologies/orientdb"
"1483979"	"addthis/stream-lib"
"260841"	"novoda/android"
"1130505"	"facebook/hadoop-20"
"3701855"	"http-kit/http-kit"
"6257984"	"yangfuhai/afinal"
"240474"	"apache/hadoop-common"
"665357"	"ginatrapani/todo.txt-android"
"1962219"	"cucumber/cucumber-jvm"
"2700159"	"alibaba/druid"
"3125904"	"peter-lawrey/Java-Chronicle"
"34096"	"leachim6/hello-world"
"578435"	"kevinweil/elephant-bird"
"5453989"	"jankotek/MapDB"
"1147463"	"rstudio/rstudio"
"7276954"	"amplab/tachyon"
"865412"	"OpenTSDB/opentsdb"
"1424005"	"twitter/commons"
"7139407"	"maurycyw/StaggeredGridView"
"1438007"	"MovingBlocks/Terasology"
"2700474"	"alibaba/fastjson"
"2161802"	"novoda/ImageLoader"
"856703"	"mongodb/mongo-hadoop"
"1756350"	"JodaOrg/joda-time"
"511297"	"hector-client/hector"
"2923236"	"typesafehub/config"
"481412"	"TooTallNate/Java-WebSocket"
"416272"	"RobotiumTech/robotium"
"3786237"	"hazelcast/hazelcast"
"1605950"	"koush/UrlImageViewHelper"
"2397489"	"nathanmarz/storm-starter"
"688366"	"apache/lucene-solr"
"206336"	"apache/mahout"
"213469"	"jayway/maven-android-plugin"
"1589604"	"harism/android_page_curl"
"5683140"	"ansjsun/ansj_seg"
"256245"	"commonsguy/cwac-endless"
"4039952"	"BuildCraft/BuildCraft"
"627504"	"eishay/jvm-serializers"
"7480345"	"robovm/robovm"
"7952078"	"jfeinstein10/JazzyViewPager"
"944926"	"sk89q/worldedit"
"459348"	"jberkel/sms-backup-plus"
"8043551"	"0xdata/h2o"
"618492"	"brianfrankcooper/YCSB"
"372315"	"notnoop/java-apns"
"3182937"	"siyamed/android-satellite-menu"
"14681168"	"JakeWharton/hugo"
"3301400"	"MinecraftForge/MinecraftForge"
"574877"	"aws/aws-sdk-java"
"3223269"	"fastestforward/gauges-android"
"10281119"	"inmite/android-styled-dialogs"
"317887"	"liferay/liferay-portal"
"949129"	"geometer/FBReaderJ"
"9504214"	"facebook/buck"
"160985"	"apache/hbase"
"114387"	"rnewson/couchdb-lucene"
"2624521"	"gephi/gephi"
"6650539"	"neo4j/neo4j"
"4128173"	"pahimar/Equivalent-Exchange-3"
"3432266"	"JetBrains/kotlin"
"3041887"	"goldmansachs/gs-collections"
"1466737"	"loopj/android-smart-image-view"
"1739767"	"mozilla/rhino"
"2044029"	"Netflix/astyanax"
"249870"	"tomwhite/hadoop-book"
"729744"	"Graylog2/graylog2-web-interface"
"327391"	"sirthias/parboiled"
"7764585"	"square/spoon"
"887840"	"jackpal/Android-Terminal-Emulator"
"7891564"	"redsolution/xabber-android"
"5745625"	"square/tape"
"489859"	"jclouds/legacy-jclouds"
"1261652"	"webbit/webbit"
"409631"	"matburt/mobileorg-android"
"8918733"	"derekbrameyer/android-betterpickers"
"2629978"	"chewiebug/GCViewer"
"7321480"	"lucasr/smoothie"
"2014561"	"romainguy/ViewServer"
"2393437"	"sikuli/sikuli"
"3362065"	"calabash/calabash-android"
"2402401"	"linkedin/datafu"
"15680192"	"JakeWharton/scalpel"
"2108481"	"spring-projects/spring-security-oauth"
"4848634"	"chrisbanes/Android-BitmapCache"
"2927004"	"jgilfelt/android-sqlite-asset-helper"
"10880863"	"ManuelPeinado/GlassActionBar"
"5394750"	"oschina/android-app"
"1866914"	"robotmedia/AndroidBillingLibrary"
"8919938"	"fearofcode/bateman"
"12119579"	"afollestad/Cards-UI"
"2136579"	"foxykeep/DataDroid"
"4759439"	"mitallast/diablo-js"
"7832859"	"eoecn/android-app"
"1937202"	"gitblit/gitblit"
"3892323"	"mariotaku/twidere"
"645237"	"spullara/mustache.java"
"2019791"	"liquibase/liquibase"
"1355834"	"lorensiuswlt/NewQuickAction"
"1873881"	"nutzam/nutz"
"12442542"	"romannurik/Android-MonthCalendarWidget"
"6944525"	"linkedin/rest.li"
"8910243"	"6wunderkinder/android-sliding-layer-lib"
"2067253"	"opentripplanner/OpenTripPlanner"
"4517911"	"darvds/RibbonMenu"
"9215573"	"mixi-inc/AndroidTraining"
"2094315"	"dinocore1/DevsmartLib-Android"
"6380055"	"saik0/UnifiedPreference"
"1459486"	"JetBrains/ideavim"
"9286207"	"ManuelPeinado/RefreshActionItem"
"773194"	"vrapper/vrapper"
"7676364"	"forcedotcom/phoenix"
"12136636"	"kikoso/android-stackblur"
"3354338"	"Todd-Davies/ProgressWheel"
"160999"	"apache/zookeeper"
"86149"	"unclebob/fitnesse"
"6296790"	"spring-projects/spring-boot"
"2502823"	"apigee/usergrid-stack"
"10619058"	"etsy/oculus"
"2407497"	"MikeOrtiz/TouchImageView"
"6292029"	"yixia/VitamioBundle"
"13486910"	"facebook/rebound"
"14758329"	"castorflex/SmoothProgressBar"
"6898381"	"apache/cordova-android"
"869754"	"go-lang-plugin-org/go-lang-idea-plugin"
"1625986"	"jOOQ/jOOQ"
"2506397"	"linkedin/cleo"
"366720"	"trifork/erjang"
"1990682"	"UweTrottmann/SeriesGuide"
"5312486"	"johnkil/Android-AppMsg"
"1056952"	"Diablo-D3/DiabloMiner"
"9316799"	"path/android-priority-jobqueue"
"2934254"	"jmxtrans/jmxtrans"
"14586398"	"flavienlaurent/NotBoringActionBar"
"8216154"	"chrislacy/TweetLanes"
"14280839"	"cloudera/oryx"
"639740"	"sirthias/pegdown"
"10013861"	"beworker/pinned-section-listview"
"4713066"	"joscha/play-authenticate"
"3245136"	"daCapricorn/ArcMenu"
"6187890"	"cyrilmottier/Polaris"
"3481898"	"jasonpolites/gesture-imageview"
"2028724"	"cgeo/cgeo"
"3037907"	"FasterXML/jackson-core"
"1217414"	"eclipse-color-theme/eclipse-color-theme"
"7432525"	"TonicArtos/StickyGridHeaders"
"533032"	"linkedin/sensei"
"4513405"	"pingpongboss/StandOut"
"6066938"	"oakes/Nightweb"
"3535284"	"dodola/android_waterfall"
"3646844"	"korovyansk/android-fb-like-slideout-navigation"
"5941021"	"e-biz/androidkickstartr"
"2415498"	"thiagolocatelli/android-uitableview"
"886774"	"rundeck/rundeck"
"2981935"	"yanchenko/droidparts"
"355568"	"nzakas/cssembed"
"427635"	"ervandew/eclim"
"3304447"	"richardwilly98/elasticsearch-river-mongodb"
"2413817"	"groovy/groovy-core"
"694779"	"ZhouWeikuan/cocos2d"
"8497273"	"58code/Argo"
"5374914"	"NanoHttpd/nanohttpd"
"5550567"	"owncloud/android"
"2997701"	"Netflix/servo"
"5257374"	"zeromq/jeromq"
"1125934"	"akquinet/android-archetypes"
"1851224"	"agirbal/umongo"
"7622340"	"chrisbanes/photup"
"5078217"	"jeeeyul/eclipse-themes"
"11704709"	"wyouflf/xUtils"
"7209229"	"linkedin/databus"
"3065190"	"gitgrimbo/android-sliding-menu-demo"
"14704618"	"MichaelEvans/ColorArt"
"4710876"	"Trinea/android-common"
"13521187"	"emilsjolander/sprinkles"
"4368712"	"jersey/jersey"
"1372117"	"nathanmarz/elephantdb"
"1773754"	"essentials/Essentials"
"160992"	"apache/solr"
"12414592"	"javaee-samples/javaee7-samples"
"1810897"	"spring-projects/spring-android-samples"
"317888"	"liferay/liferay-plugins"
"7398151"	"LarsWerkman/HoloColorPicker"
"1688262"	"SpoutDev/Spout"
"4657583"	"sephiroth74/ImageViewZoom"
"1370856"	"guardianproject/ChatSecureAndroid"
"3293095"	"megamattron/SplinterNet"
"2605322"	"paddybyers/anode"
"8941531"	"pwnall/chromeview"
"1593731"	"fqrouter/fqrouter"
"1711467"	"impetus-opensource/Kundera"
"3037647"	"Gottox/socket.io-java-client"
"870849"	"rtyley/agit"
"10697613"	"Netflix/ice"
"196002"	"torquebox/torquebox"
"4436703"	"vekexasia/android-edittext-validator"
"538681"	"shikhar/sshj"
"3229418"	"gwtbootstrap/gwt-bootstrap"
"9056142"	"puniverse/quasar"
"5244445"	"danieloeh/AntennaPod"
"14393731"	"JakeWharton/u2020"
"5198041"	"Netflix/eureka"
"7694208"	"lucasr/twoway-view"
"206444"	"apache/hive"
"7672099"	"square/fest-android"
"1175852"	"pmuellr/weinre"
"501687"	"antlr/antlr4"
"5793738"	"Activiti/Activiti"
"7422457"	"stephanenicolas/Quality-Tools-for-Android"
"154520"	"caelum/vraptor"
"2011647"	"MasDennis/Rajawali"
"2029505"	"erikwt/PullToRefresh-ListView"
"3148979"	"spring-projects/spring-security"
"1421658"	"spring-projects/spring-social"
"602351"	"kilim/kilim"
"327548"	"novoda/RESTProvider"
"2751093"	"nathanmarz/storm-contrib"
"6275822"	"dreamhead/moco"
"101527"	"bpellin/keepassdroid"
"7056927"	"dmitry-zaitsev/AndroidSideMenu"
"2068297"	"freezy/android-xbmcremote"
"2101910"	"dain/leveldb"
"688133"	"ruboto/ruboto-irb"
"618681"	"flyingsaucerproject/flyingsaucer"
"6564048"	"GDG-Korea/PinterestLikeAdapterView"
"15328210"	"chrisjenx/Calligraphy"
"2831943"	"lewish/asciiflow"
"1201104"	"webbukkit/dynmap"
"223355"	"alexo/wro4j"
"284156"	"talklittle/reddit-is-fun"
"1872106"	"jboss-developer/jboss-eap-quickstarts"
"7870019"	"gabrielemariotti/androiddev"
"13132547"	"RadiusNetworks/android-ibeacon-service"
"540945"	"zeromq/jzmq"
"2469105"	"dynjs/dynjs"
"8950858"	"ManuelPeinado/MultiChoiceAdapter"
"9690574"	"alibaba/zeus"
"219398"	"gwhalin/Memcached-Java-Client"
"3134551"	"MiCode/FileExplorer"
"8993254"	"SimonVT/MessageBar"
"745749"	"cbeust/testng"
"4710920"	"alibaba/dubbo"
"8347864"	"vinc3m1/RoundedImageView"
"2536041"	"cloudera/crunch"
"9387601"	"uwescience/datasci_course_materials"
"10844991"	"PomepuyN/BlurEffectForAndroidDesign"
"1904"	"dustin/java-memcached-client"
"1161862"	"spockframework/spock"
"1090553"	"sk89q/worldguard"
"8205602"	"mybatis/mybatis-3"
"468218"	"eddieringle/hubroid"
"3657615"	"killme2008/Metamorphosis"
"283325"	"qos-ch/logback"
"355687"	"ChainsDD/Superuser"
"6645017"	"LWJGL/lwjgl"
"4771065"	"JakeWharton/SwipeToDismissNOA"
"287024"	"flori/json"
"6299699"	"LarsWerkman/QuickReturnListView"
"10298623"	"M66B/XPrivacy"
"1318639"	"jzachr/goldenorb"
"9219388"	"QuantumBadger/RedReader"
"257772"	"commonsguy/cwac-merge"
"514315"	"tinkerpop/rexster"
"4291387"	"Netflix/archaius"
"8395980"	"johnkil/Android-ProgressFragment"
"2994936"	"iPaulPro/aFileChooser"
"1290704"	"codebutler/farebot"
"2079469"	"Netflix/Priam"
"293812"	"cucumber/gherkin"
"5728045"	"ragunathjawahar/android-saripaar"
"2264200"	"JakeWharton/Android-DirectionalViewPager"
"2304277"	"spring-projects/spring-roo"
"664971"	"tokudu/AndroidPushNotificationsDemo"
"1022930"	"CloudStack-extras/CloudStack-archive"
"934218"	"blackberry/WebWorks"
"3708879"	"rtyley/roboguice-sherlock"
"2813264"	"ps3mediaserver/ps3mediaserver"
"721650"	"yahoo/oozie"
"3978001"	"b3log/b3log-solo"
"16368712"	"BoltsFramework/Bolts-Android"
"10952381"	"commonsguy/cwac-camera"
"1222504"	"SonarSource/sonar"
"1057143"	"ahorn/android-rss"
"9291388"	"f2prateek/progressbutton"
"10440209"	"flavienlaurent/datetimepicker"
"1388190"	"slapperwan/gh4a"
"5662026"	"WhiteHouse/wh-app-android"
"2352744"	"Jasig/cas"
"1089149"	"spring-projects/spring-batch"
"4631621"	"BoD/android-switch-backport"
"6537891"	"mattdesl/lwjgl-basics"
"3495577"	"Maescool/Catacomb-Snatch"
"1072845"	"spring-projects/spring-data-jpa"
"12983151"	"openhab/openhab"
"466142"	"wwadge/bonecp"
"5054081"	"StevenRudenko/ActionsContentView"
"5464728"	"eddieringle/android-undergarment"
"2500019"	"eugenp/REST"
"930571"	"droolsjbpm/jbpm"
"2209077"	"JetBrains/MPS"
"1050944"	"infinispan/infinispan"
"1195705"	"thebuzzmedia/imgscalr"
"798870"	"FlowingMedia/TimeFlow"
"2088013"	"rgladwell/m2e-android"
"1810398"	"spring-projects/spring-android"
"1279941"	"spring-projects/spring-data-jpa-examples"
"2183338"	"spring-projects/spring-integration-samples"
"3181606"	"Netflix/exhibitor"
"2057023"	"lorensiuswlt/NewQuickAction3D"
"1133745"	"twitter/twitter-text-java"
"10444562"	"JohnPersano/SuperToasts"
"1961837"	"mpetazzoni/ttorrent"
"6072443"	"CyberAgent/android-gpuimage"
"3759388"	"rno/Android-ScrollBarPanel"
"1971346"	"msgpack/msgpack-java"
"536411"	"senseidb/zoie"
"892805"	"alexruiz/fest-assert-2.x"
"11646268"	"edmodo/cropper"
"363849"	"mttkay/signpost"
"4250855"	"spring-projects/spring-hateoas"
"2831597"	"nicolasgramlich/AndEngineExamples"
"1466080"	"sqlcipher/android-database-sqlcipher"
"1684771"	"vinc3m1/android-segmentedradiobutton"
"9677593"	"mongodb/morphia"
"4134560"	"jfinal/jfinal"
"1394092"	"spring-projects/greenhouse"
"11923310"	"entertailion/Fling"
"1790508"	"spring-projects/spring-test-mvc"
"12141504"	"romannurik/Android-SwipeToDismiss"
"7517918"	"spring-projects/spring-petclinic"
"2445970"	"VoltDB/voltdb"
"771886"	"cbeust/jcommander"
"7587038"	"alibaba/canal"
"4674119"	"AndlyticsProject/andlytics"
"8575316"	"passsy/android-HoloCircularProgressBar"
"865411"	"OpenTSDB/asynchbase"
"1567174"	"cf-samples-attic/springsource-cloudfoundry-samples"
"3038937"	"FasterXML/jackson-databind"
"4331248"	"daizhenjun/ImageFilterForAndroid"
"1062907"	"infinitest/infinitest"
"7008555"	"chrisjenx/ParallaxScrollView"
"3857240"	"MinecraftForge/FML"
"12457396"	"gabrielemariotti/changeloglib"
"2948949"	"BroadleafCommerce/BroadleafCommerce"
"116547"	"cucumber/cuke4duke"
"8282354"	"cricklet/Android-PanesLibrary"
"125893"	"nodebox/nodebox"
"814286"	"mixare/mixare"
"229738"	"brianm/jdbi"
"10113030"	"googlemaps/android-maps-utils"
"4106049"	"thomasst/mongoadmin"
"3894929"	"hamcrest/JavaHamcrest"
"758323"	"CyanogenMod/android_packages_apps_Camera"
"2838470"	"prefuse/Prefuse"
"4533231"	"jprante/elasticsearch-river-jdbc"
"8064341"	"twitter/hbc"
"1258570"	"osmandapp/Osmand"
"2144321"	"github/maven-plugins"
"7535003"	"jacobmoncur/QuiltViewLibrary"
"2470730"	"spring-projects/spring-data-neo4j"
"7961991"	"square/javawriter"
"9463192"	"twotoasters/JazzyListView"
"6765281"	"datastax/java-driver"
"11164718"	"mozilla/MozStumbler"
"2281717"	"jblough/Android-Pdf-Viewer-Library"
"4118405"	"johnlindquist/angularjs-plugin"
"5396462"	"mobileresearch/weibo_android_sdk"
"1023845"	"s4/core"
"9119163"	"emilsjolander/android-FlipView"
"4994203"	"rogerdudler/eclipse-ui-themes"
"1033614"	"functionaljava/functionaljava"
"4794215"	"throrin19/Android-Validator"
"2624543"	"rmtheis/android-ocr"
"7044667"	"spring-projects/spring-loaded"
"1272265"	"attenzione/android-ColorPickerPreference"
"12353678"	"Issacw0ng/SwipeBackLayout"
"1174593"	"spring-projects/spring-hadoop"
"943296"	"robolectric/RobolectricSample"
"2849233"	"woozzu/IndexableListView"
"1320406"	"anismiles/websocket-android-phonegap"
"11601014"	"alibaba/mdrill"
"1421700"	"spring-projects/spring-social-samples"
"8946144"	"yahoo/storm-yarn"
"6663183"	"Netflix/blitz4j"
"1381673"	"droolsjbpm/drools"
"742421"	"searls/jasmine-maven-plugin"
"15198753"	"WhisperSystems/BitHub"
"15365468"	"jeromevdl/android-holo-colors-idea-plugin"
"2045207"	"eclipse/jetty.project"
"3054450"	"MiCode/Notes"
"5311925"	"allwefantasy/ServiceFramework"
"3351814"	"menacher/java-game-server"
"14135470"	"apache/incubator-storm"
"2521861"	"OSBI/saiku"
"2327479"	"fanfoudroid/fanfoudroid"
"3586085"	"SimonVT/android-numberpicker"
"1597325"	"dhanji/sitebricks"
"7170058"	"flyway/flyway"
"1943040"	"encog/encog-java-core"
"2566570"	"spring-projects/spring-data-mongodb"
"9653752"	"jitsi/jitsi"
"2946478"	"laforge49/JActor"
"1795594"	"eucalyptus/eucalyptus"
"541056"	"pulse00/Symfony-2-Eclipse-Plugin"
"12096559"	"ankurkotwal/making-apps-beautiful"
"13450509"	"fayder/restcountries"
"206357"	"apache/pig"
"2090979"	"spring-projects/spring-integration"
"4167742"	"scobal/seyren"
"630944"	"bagilevi/android-pedometer"
"3161748"	"mrniko/netty-socketio"
"11997640"	"alibaba/otter"
"252276"	"kohsuke/hudson"
"2539441"	"SammyIAm/Moppy"
"7552573"	"Parquet/parquet-format"
"612967"	"tinkerpop/pipes"
"2158982"	"mysema/querydsl"
"4716147"	"johnkil/SideNavigation"
"3599189"	"write2munish/Akka-Essentials"
"37399"	"rictic/code_swarm"
"1206855"	"wicketstuff/core"
"1602288"	"cloudfoundry/vcap-java"
"2088736"	"FluentLenium/FluentLenium"
"542261"	"azkaban/azkaban"
"3632298"	"schaloner/deadbolt-2"
"121672"	"cwensel/cascading"
"9136356"	"atduskgreg/opencv-processing"
"11495787"	"JakeWharton/timber"
"285766"	"pfleidi/yaxim"
"13505122"	"yahoo/samoa"
"453442"	"commonsguy/cwac-wakeful"
"4459604"	"jknack/handlebars.java"
"15397085"	"inmite/android-butterknife-zelezny"
"735386"	"abarisain/dmix"
"5249971"	"pents90/svg-android"
"3151061"	"couchbaselabs/TouchDB-Android"
"9805058"	"kaze0/winky"
"2495672"	"commonsguy/cwac-loaderex"
"6735460"	"good-life/PushTalk"
"14466432"	"jgilfelt/SystemBarTint"
"11072704"	"nhaarman/supertooltips"
"1552601"	"crashub/crash"
"8742936"	"ragunathjawahar/instant-adapter"
"2057742"	"jim618/multibit"
"1553788"	"eclipse/egit-github"
"5103785"	"undertow-io/undertow"
"1577604"	"jline/jline2"
"7214879"	"maurycyw/StaggeredGridViewDemo"
"206459"	"apache/avro"
"12222625"	"inmite/android-selector-chapek"
"3333998"	"timmolter/XChange"
"9757473"	"AndroidAlliance/EdgeEffectOverride"
"520534"	"telecapoland/jamendo-android"
"6207167"	"mockito/mockito"
"2324364"	"jankotek/JDBM3"
"15429152"	"romainguy/road-trip"
"10071860"	"alibaba/RocketMQ"
"3250434"	"DozerMapper/dozer"
"4048639"	"alibaba/TProfiler"
"1415684"	"nicoulaj/idea-markdown"
"12039327"	"mauimauer/cheapcast"
"364551"	"haseman/Android-AR-Kit"
"492968"	"m2ym/rsense"
"3222745"	"candrews/HttpResponseCache"
"916697"	"rschildmeijer/deft"
"283288"	"aptana/Pydev"
"11140459"	"johncarl81/parceler"
"3978603"	"sonyxperiadev/ApkAnalyser"
"511373"	"neo4j/spatial"
"14068061"	"MostafaGazar/CustomShapeImageView"
"955908"	"pclewis/mcpatcher"
"7481569"	"OpenGrok/OpenGrok"
"7481569"	"OpenGrok/OpenGrok"
"123235"	"connectbot/connectbot"
"10034660"	"white-cat/ThinkAndroid"
"3044195"	"CyanogenMod/android_packages_apps_Trebuchet"
"5696931"	"square/seismic"
"1307005"	"thucydides-webtests/thucydides"
"283187"	"qos-ch/slf4j"
"4103777"	"dbpedia-spotlight/dbpedia-spotlight"
"726492"	"getrailo/railo"
"587611"	"leebyron/streamgraph_generator"
"103213"	"RJ/irccat"
"1456772"	"petedoyle/android-support-v4-googlemaps"
"9279386"	"Haehnchen/idea-php-symfony2-plugin"
"1059430"	"belaban/JGroups"
"6798814"	"JoanZapata/android-pdfview"
"4193864"	"nasa/mct"
"3341519"	"MiCode/legacy-patchrom"
"4167098"	"mirkonasato/jodconverter"
"16224749"	"MatthewYork/Colours"
"9306568"	"wordpress-mobile/WordPress-Android"
"12274147"	"square/wire"
"5956464"	"spring-projects/rest-shell"
"5568881"	"manmal/hn-android"
"7763363"	"ratpack/ratpack"
"9623064"	"code4craft/webmagic"
"14247776"	"square/mortar"
"4142587"	"headius/thread_safe"
"613733"	"basho/riak-java-client"
"2957374"	"peter-lawrey/Java-Thread-Affinity"
"240475"	"apache/hadoop-hdfs"
"12796207"	"square/flow"
"1225993"	"jimwebber/neo4j-tutorial"
"13404515"	"brettwooldridge/HikariCP"
"2839529"	"astuetz/ViewPagerExtensions"
"2604249"	"FasterXML/jackson"
"1251049"	"cloudsmith/geppetto"
"657612"	"cgbystrom/netty-tools"
"6767159"	"vladexologija/PinterestListView"
"5675901"	"ArcBees/GWTP"
"7777968"	"soarcn/UndoBar"
"2996995"	"restlet/restlet-framework-java"
"2282376"	"apache/giraph"
"1151713"	"aws/aws-sdk-android"
"8634783"	"Netflix/netflix-graph"
"5661122"	"jess-anders/two-way-gridview"
"1947398"	"ThreeTen/threeten"
"5144132"	"kevinsawicki/wishlist"
"4976"	"myabc/nbgit"
"3628180"	"ippontech/tatami"
"14173176"	"EsotericSoftware/kryo"
"13753636"	"jhipster/generator-jhipster"
"738023"	"lintool/Cloud9"
"614373"	"rawr/rawr"
"1626780"	"PEXPlugins/PermissionsEx"
"206317"	"apache/camel"
"3273720"	"CloudifySource/cloudify"
"146053"	"tonyg/reversehttp"
"206412"	"apache/wicket"
"5168907"	"ignatov/intellij-erlang"
"9013257"	"GoogleCloudPlatform/solutions-mobile-backend-starter-java"
"6025193"	"tntim96/JSCover"
"386546"	"commonsguy/cw-andtutorials"
"340634"	"chirino/resty-gwt"
"4302287"	"plutext/docx4j"
"921513"	"cscotta/Octobot"
"8840041"	"johnkil/Android-RobotoTextView"
"8940534"	"gaylemcd/ctci"
"618103"	"liato/android-bankdroid"
"1765693"	"cometd/cometd"
"4790355"	"puniverse/galaxy"
"10188673"	"mcxiaoke/android-volley"
"3713654"	"grifotv/grifotv-portfolio"
"14071843"	"guerwan/TransitionsBackport"
"2198510"	"apache/flume"
"3019584"	"bguerout/jongo"
"2125451"	"boundlessgeo/GeoGit"
"305067"	"webmetrics/browsermob-proxy"
"14975201"	"nginx-clojure/nginx-clojure"
"4057303"	"Dempsy/Dempsy"
"3732720"	"thinkaurelius/faunus"
"1601209"	"Mashape/unirest-java"
"10348160"	"nicolasjafelle/SherlockNavigationDrawer"
"8956674"	"pmerienne/trident-ml"
"7684480"	"codechimp-org/AppRater"
"2127774"	"Spoutcraft/Spoutcraft"
"2618757"	"webx/citrus"
"12141371"	"romannurik/Android-WizardPager"
"909024"	"xetorthio/johm"
"6194679"	"mrKlar/PagedDragDropGrid"
"198799"	"ushahidi/Ushahidi_Android"
"64684"	"myabc/markdownj"
"3885202"	"rovo89/XposedBridge"
"685862"	"commonsguy/cwac-touchlist"
"4312278"	"swaldman/c3p0"
"8803369"	"allr/fastr"
"1167436"	"beders/Resty"
"1346655"	"ccidral/tomighty"
"1925457"	"mendhak/gpslogger"
"2363832"	"revetkn/restfb"
"3480666"	"graphhopper/graphhopper"
"224792"	"jayway/maven-android-plugin-samples"
"3767561"	"damellis/cellphone"
"3169958"	"spacecowboy/NotePad"
"10828921"	"Netflix/genie"
"4108676"	"cpw/ironchest"
"3126910"	"kolorobot/spring-mvc-quickstart-archetype"
"388134"	"pivotal/jsunit"
"846083"	"jsonfry/uk.co.jasonfry.android.tools"
"13393891"	"alamkanak/Android-Empty-Layout"
"13626089"	"inmite/android-grid-wichterle"
"1334170"	"MassiveCraft/Factions"
"13663078"	"inmite/android-validation-komensky"
"6063617"	"wildabeast/BarcodeScanner"
"4385294"	"thymeleaf/thymeleaf"
"1381874"	"helun/Ektorp"
"15873714"	"flavienlaurent/discrollview"
"819907"	"weld/core"
"2899580"	"AxonFramework/AxonFramework"
"8326105"	"Parquet/parquet-mr"
"10075700"	"amigold/FunDapter"
"1017227"	"sk89q/craftbook"
"2478624"	"redline-smalltalk/redline-smalltalk"
"1546909"	"Multiverse/Multiverse-Core"
"1832064"	"tdunning/MiA"
"9198813"	"JakeWharton/adjacent-fragment-pager-sample"
"4397781"	"wsieroci/audiorecognizer"
"6445811"	"sgolivernet/curso-android-src"
"7837044"	"pocmo/Android-Network-Intents"
"10158882"	"ogrebgr/android_volley_examples"
"6779223"	"ankri/SwitchCompatLibrary"
"10180475"	"xplodwild/android_packages_apps_Focal"
"722432"	"DigitalPebble/behemoth"
"8435786"	"cattong/YiBo"
"9043708"	"Udinic/AccountAuthenticator"
"2131933"	"biokys/cropimage"
"5683653"	"apache/incubator-drill"
"1538255"	"riptano/brisk"
"2982059"	"sbtourist/Journal.IO"
"6084210"	"SpigotMC/BungeeCord"
"3242157"	"agoncal/agoncal-application-petstore-ee6"
"834137"	"larsgeorge/hbase-book"
"1857560"	"prey/prey-android-client"
"1081119"	"infochimps-labs/wonderdog"
"8039659"	"proofpoint/kairosdb"
"376975"	"psiegman/epublib"
"15187698"	"SpecialCyCi/AndroidResideMenu"
"9202445"	"twotoasters/clusterkraf"
"3664810"	"spring-projects/spring-data-rest"
"1388495"	"jbellis/jamm"
"2197202"	"satyan/sugar"
"21099"	"davidB/scala-maven-plugin"
"209853"	"caelum/caelum-stella"
"2606366"	"gothfox/Tiny-Tiny-RSS-for-Honeycomb"
"15765813"	"alejolp/grounded"
"4123380"	"walkingp/AndroidCnblogs"
"11494165"	"Issacw0ng/Dribbo"
"1911993"	"kohsuke/args4j"
"5722043"	"oblac/jodd"
"1704413"	"bendemboski/DateSlider"
"1164974"	"ocpsoft/prettytime"
"1963085"	"fge/json-schema-validator"
"4052581"	"neuland/jade4j"
"12559641"	"real-logic/simple-binary-encoding"
"2051457"	"brendano/ark-tweet-nlp"
"2832710"	"foursquare/heapaudit"
"4150249"	"freshplanet/ANE-Facebook"
"2002650"	"cyrilmottier/ListViewTipsAndTricks"
"240476"	"apache/hadoop-mapreduce"
"59180"	"tcurdt/jdeb"
"4679134"	"Gregadeaux/android-fly-in-app-navigation"
"8781749"	"cloudera/ml"
"1367811"	"hudson/hudson-2.x"
"3655776"	"urbanairship/datacube"
"3411805"	"foursquare/fongo"
"834710"	"dennisjzh/GwtMobile"
"2430530"	"tavendo/AutobahnAndroid"
"1480066"	"twitter/cloudhopper-smpp"
"1399187"	"spring-projects/grails-data-mapping"
"2784643"	"floodlight/floodlight"
"766548"	"lmco/eurekastreams"
"4867294"	"hangum/TadpoleForDBTools"
"4487574"	"Countly/countly-sdk-android"
"1688824"	"ahmetalpbalkan/orman"
"2914073"	"moxie0/AndroidPinning"
"11974846"	"Huawei-Hadoop/hindex"
"933698"	"OpenGamma/OG-Platform"
"12532408"	"stephanenicolas/boundbox"
"1422604"	"mopub/mopub-client"
"2711992"	"thquinn/DraggableGridView"
"9811445"	"cyrilmottier/Polaris2"
"593092"	"pcgod/mumble-android"
"206370"	"apache/nutch"
"7266306"	"linkedin/camus"
"6293402"	"vaadin/vaadin"
"161180"	"alphazero/jredis"
"8108978"	"timroes/SwipeToDismissUndoList"
"5173953"	"airlift/airline"
"7311523"	"MartinvanZ/Inscription"
"4530703"	"RS485/LogisticsPipes"
"8914350"	"Netflix/suro"
"6348438"	"bennidi/mbassador"
"9327555"	"sismics/reader"
"1621035"	"boundary/high-scale-lib"
"1576931"	"dcaoyuan/nbscala"
"3243572"	"shontauro/android-pulltorefresh-and-loadmore"
"4387088"	"codinguser/gnucash-android"
"2390577"	"dain/snappy"
"1520916"	"wocommunity/wonder"
"68025"	"jsampson/prevayler"
"777444"	"rhuss/jolokia"
"7760890"	"SlimeKnights/TinkersConstruct"
"3016145"	"knowitall/reverb"
"2928948"	"WindowsAzure/azure-sdk-for-java"
"1611009"	"Mach5/supersonic"
"2910598"	"NightWhistler/PageTurner"
"1553790"	"eclipse/jgit"
"212769"	"pocmo/Yaaic"
"7018193"	"atermenji/IconicDroid"
"4390160"	"jmhodges/opposite_of_a_bloom_filter"
"10361413"	"swankjesse/android-http-examples"
"5757735"	"HdrHistogram/HdrHistogram"
"1994786"	"ribomation/DroidAtScreen1"
"4238977"	"martypitt/swagger-springmvc"
"8641067"	"roomorama/Caldroid"
"16314320"	"spotify/trickle"
"3046174"	"nostra13/Android-Simple-Social-Sharing"
"13036858"	"dlew/android-movies-demo"
"1959220"	"ened/Android-Tiling-ScrollView"
"15786452"	"tyczj/ExtendedCalendarView"
"2737314"	"dps/nnrccar"
"2767849"	"libpd/pd-for-android"
"14950873"	"AChep/Header2ActionBar"
"152812"	"magro/memcached-session-manager"
"1354561"	"droolsjbpm/guvnor"
"2493904"	"apache/tomcat"
"1294286"	"killme2008/xmemcached"
"240361"	"sgroschupf/zkclient"
"1913731"	"koush/Widgets"
"886329"	"traitor/Minecraft-Server-Mod"
"6106472"	"survivingwithandroid/Surviving-with-android"
"12273742"	"gabrielemariotti/colorpickercollection"
"2948043"	"resteasy/Resteasy"
"8655057"	"j256/ormlite-android"
"11543691"	"orfjackal/retrolambda"
"342247"	"ddf/Minim"
"1638055"	"bmeike/ProgrammingAndroidExamples"
"9270037"	"pebble/pebble-sdk-examples"
"6818877"	"shipilev/java-object-layout"
"9060949"	"cloudera/cdk"
"4128628"	"evernote/evernote-sdk-android"
"296938"	"sitemesh/sitemesh3"
"1019993"	"samskivert/jmustache"
"606956"	"bndtools/bnd"
"3038035"	"FasterXML/jackson-annotations"
"581678"	"cloudera/sqoop"
"11390894"	"frankiesardo/icepick"
"2361775"	"ApmeM/android-flowlayout"
"4386572"	"SimonVT/android-calendarview"
"12471853"	"timroes/EnhancedListView"
"4856135"	"JakeWharton/NotificationCompat2"
"2194042"	"ochafik/nativelibs4java"
"5085837"	"square/pollexor"
"11264338"	"afollestad/Silk"
"3289298"	"caprica/vlcj"
"7502247"	"codefollower/Lealone"
"3310154"	"Onskreen/cornerstone"
"4862344"	"Dreddik/AndroidTouchGallery"
"11048450"	"diegoceccarelli/json-wikipedia"
"8779606"	"joel-costigliola/assertj-core"
"201269"	"mxcl/lastfm-android"
"4462558"	"emilsjolander/StickyScrollViewItems"
"10230369"	"google/auto"
"7043506"	"Netflix/Turbine"
"5364100"	"Slowpoke101/FTBLaunch"
"2073668"	"spullara/redis-protocol"
"3068757"	"MiCode/SoundRecorder"
"8471812"	"tjake/rbm-dbn-mnist"
"2172650"	"JetBrains/la-clojure"
"2059351"	"aritter/twitter_nlp"
"11008076"	"stanfordnlp/CoreNLP"
"986126"	"wordnik/wordnik-oss"
"2373207"	"sonian/elasticsearch-jetty"
"2385705"	"4thline/cling"
"3729629"	"dotCMS/dotCMS"
"1264677"	"brutall/brut.apktool"
"1178929"	"shiffman/Most-Pixels-Ever-Processing"
"13392416"	"binwiederhier/syncany"
"4610430"	"ninjaframework/ninja"
"309964"	"ProjectCCNx/ccnx"
"11665119"	"VerbalExpressions/JavaVerbalExpressions"
"1561531"	"banq/jdonframework"
"13620009"	"negusoft/holoaccent"
"2451487"	"learnopengles/Learn-OpenGLES-Tutorials"
"7378863"	"castorflex/FlipImageView"
"6655179"	"sephiroth74/HorizontalVariableListView"
"14826947"	"cryptocat/cryptocat-android"
"10642495"	"noinnion/newsplus"
"2079263"	"lvillani/android-cropimage"
"4455789"	"Issacw0ng/SwitchButton"
"11622233"	"googlecast/cast-android-sample"
"8710734"	"elasticsearch/elasticsearch-hadoop"
"4420238"	"yingyixu/android-download-manager"
"15545140"	"IanGClifton/AndroidFloatLabel"
"4120218"	"gast-lib/gast-lib"
"1251856"	"matyb/java-koans"
"2828642"	"zeroturnaround/zt-zip"
"2508768"	"ceylon/ceylon.language"
"8788934"	"usepropeller/routable-android"
"7236065"	"mixi-inc/Android-Device-Compatibility"
"1452945"	"s4/s4"
"7858040"	"Nammari/GooglePlusLayout"
"14055973"	"nikwen/DynamicShareActionProvider"
"3724585"	"MiCode/patchrom_miui"
"1400873"	"sporst/SWFREtools"
"2397756"	"filipg/amu_automata_2011"
"2974683"	"cutting/trevni"
"2454758"	"MagnusS/Java-BloomFilter"
"1374129"	"BaseXdb/basex"
"3141355"	"dlew/android-gridlayout"
"5960792"	"foxykeep/ContentProviderCodeGenerator"
"8811075"	"penberg/fjord"
"9840780"	"davidschreiber/FancyCoverFlow"
"4449830"	"sarxos/webcam-capture"
"2916712"	"elasticsearch/elasticsearch-cloud-aws"
"3517940"	"commoncrawl/commoncrawl-crawler"
"4403338"	"facebook/linkbench"
"4157651"	"adyliu/jafka"
"16124098"	"square/phrase"
"12359519"	"rfc2822/davdroid"
"1660918"	"forge/core"
"1159273"	"markfguerra/GLWallpaperService"
"194897"	"mikiobraun/jblas"
"15528214"	"jgilfelt/GhostLog"
"3766330"	"pentaho/mondrian"
"10081109"	"rackerlabs/blueflood"
"2902099"	"AOKP/frameworks_base_disabled"
"12731904"	"cjlin1/libsvm"
"7849940"	"gggard/AndroidCaldavSyncAdapater"
"3750356"	"Datomic/fressian"
"613919"	"davidrea/Deacon"
"2544305"	"tomakehurst/wiremock"
"11214554"	"MrTJP/ProjectRed"
"588647"	"szegedi/dynalink"
"4950187"	"jacoco/jacoco"
"3372117"	"ajanata/PretendYoureXyzzy"
"988008"	"CSEMike/OneSwarm"
"6489613"	"thebusby/iota"
"1501668"	"commonsguy/cw-lunchlist"
"9235644"	"ManuelPeinado/NumericPageIndicator"
"1570225"	"Cue/greplin-bloom-filter"
"2752522"	"geotools/geotools"
"2578114"	"maven-gae-plugin/maven-gae-plugin"
"321370"	"nimbusproject/nimbus"
"1110748"	"alecgorge/jsonapi"
"1907041"	"chariotsolutions/phonegap-nfc"
"119018"	"talios/clojure-maven-plugin"
"375132"	"jwood/standup-timer"
"1189938"	"dhanji/loop"
"3978781"	"android/platform_frameworks_support"
"3042838"	"Vanilla/Vanilla"
"666662"	"orfjackal/idea-sbt-plugin"
"2068079"	"madflow/flow-netbeans-markdown"
"65903"	"android/platform_packages_apps_music"
"349355"	"erlide/erlide"
"255478"	"orbeon/orbeon-forms"
"2424377"	"carrot2/carrot2"
"3369669"	"antlr/antlr3"
"5194068"	"mmin18/AndroidDynamicLoader"
"2782691"	"forcedotcom/SalesforceMobileSDK-Android"
"1966284"	"broadgsa/gatk"
"1759567"	"barmstrong/bitcoin-android"
"4338484"	"lordofthejars/nosql-unit"
"782257"	"jawi/ols"
"1761998"	"mvel/mvel"
"11738548"	"rampo/UpdateChecker"
"1393747"	"ysamlan/horizontalpager"
"9126257"	"tyczj/GoogleCalendarView"
"7453564"	"alibaba/metaq"
"1115089"	"caelum/agiletickets"
"4368288"	"lexs/android-delicious"
"1132569"	"Hidendra/LWC"
"4353280"	"Maxwin-z/XListView-Android"
"483644"	"ahmedre/quran_android"
"842031"	"s7/scale7-pelops"
"1072800"	"spring-projects/spring-data-document-examples"
"11599809"	"alibaba/wasp"
"3483963"	"DHuckaby/Prime"
"185026"	"freenet/fred-staging"
"3168103"	"jexp/batch-import"
"5320077"	"julianhyde/optiq"
"6382493"	"adamrocker/simple-side-drawer"
"1184317"	"ogrisel/pignlproc"
"7474917"	"fool2fish/dragon-book-exercise-answers"
"537460"	"senseidb/bobo"
"9124858"	"hekailiang/squirrel"
"2515906"	"Aconex/scrutineer"
"12250505"	"google/patchfield"
"7828634"	"RaghavSood/AndroidCircularSeekBar"
"2156530"	"jcoleman/tomcat-redis-session-manager"
"3878288"	"telly/groundy"
